activityId,name
1,activity1
2,activity2
3,activity3
4,activity4
5,activity5
6,activity6
7,activity7
8,activity8
9,activity9
10,activity10
11,activity11
12,activity12
13,activity13
14,activity14
15,activity15
16,activity16
17,activity17
18,activity18
19,activity19
20,activity20
21,activity21
22,activity22
23,activity23
24,activity24
25,activity25
26,activity26
27,activity27
28,activity28
29,activity29
30,activity30
31,activity31
32,activity32
33,activity33
34,activity34
35,activity35
36,activity36
37,activity37
38,activity38
39,activity39
40,activity40
41,activity41
42,activity42
43,activity43
44,activity44
45,activity45
46,activity46
47,activity47
48,activity48
49,activity49
50,activity50
51,activity51
52,activity52
53,activity53
54,activity54
55,activity55
56,activity56
57,activity57
58,activity58
59,activity59
60,activity60
61,activity61
62,activity62
63,activity63
64,activity64
65,activity65
66,activity66
67,activity67
68,activity68
69,activity69
70,activity70
71,activity71
72,activity72
73,activity73
74,activity74
75,activity75
76,activity76
77,activity77
78,activity78
79,activity79
80,activity80
81,activity81
82,activity82
83,activity83
84,activity84
85,activity85
86,activity86
87,activity87
88,activity88
89,activity89
90,activity90
91,activity91
92,activity92
93,activity93
94,activity94
95,activity95
96,activity96
97,activity97
98,activity98
99,activity99
100,activity100
101,activity101
102,activity102
103,activity103
104,activity104
105,activity105
106,activity106
107,activity107
108,activity108
109,activity109
110,activity110
111,activity111
112,activity112
113,activity113
114,activity114
115,activity115
116,activity116
117,activity117
118,activity118
119,activity119
120,activity120
121,activity121
122,activity122
123,activity123
124,activity124
125,activity125
126,activity126
127,activity127
128,activity128
129,activity129
130,activity130
131,activity131
132,activity132
133,activity133
134,activity134
135,activity135
136,activity136
137,activity137
138,activity138
139,activity139
140,activity140
141,activity141
142,activity142
143,activity143
144,activity144
145,activity145
146,activity146
147,activity147
148,activity148
149,activity149
150,activity150
151,activity151
152,activity152
153,activity153
154,activity154
155,activity155
156,activity156
157,activity157
158,activity158
159,activity159
160,activity160
161,activity161
162,activity162
163,activity163
164,activity164
165,activity165
166,activity166
167,activity167
168,activity168
169,activity169
170,activity170
171,activity171
172,activity172
173,activity173
174,activity174
175,activity175
176,activity176
177,activity177
178,activity178
179,activity179
180,activity180
181,activity181
182,activity182
183,activity183
184,activity184
185,activity185
186,activity186
187,activity187
188,activity188
189,activity189
190,activity190
191,activity191
192,activity192
193,activity193
194,activity194
195,activity195
196,activity196
197,activity197
198,activity198
199,activity199
200,activity200
201,activity201
202,activity202
203,activity203
204,activity204
205,activity205
206,activity206
207,activity207
208,activity208
209,activity209
210,activity210
211,activity211
212,activity212
213,activity213
214,activity214
215,activity215
216,activity216
217,activity217
218,activity218
219,activity219
220,activity220
221,activity221
222,activity222
223,activity223
224,activity224
225,activity225
226,activity226
227,activity227
228,activity228
229,activity229
230,activity230
231,activity231
232,activity232
233,activity233
234,activity234
235,activity235
236,activity236
237,activity237
238,activity238
239,activity239
240,activity240
241,activity241
242,activity242
243,activity243
244,activity244
245,activity245
246,activity246
247,activity247
248,activity248
249,activity249
250,activity250
251,activity251
252,activity252
253,activity253
254,activity254
255,activity255
256,activity256
257,activity257
258,activity258
259,activity259
260,activity260
261,activity261
262,activity262
263,activity263
264,activity264
265,activity265
266,activity266
267,activity267
268,activity268
269,activity269
270,activity270
271,activity271
272,activity272
273,activity273
274,activity274
275,activity275
276,activity276
277,activity277
278,activity278
279,activity279
280,activity280
281,activity281
282,activity282
283,activity283
284,activity284
285,activity285
286,activity286
287,activity287
288,activity288
289,activity289
290,activity290
291,activity291
292,activity292
293,activity293
294,activity294
295,activity295
296,activity296
297,activity297
298,activity298
299,activity299
300,activity300